time,x1,x2,appliedInput,integratedCost
0,1,-1,0.73205080756889,0
0.02,0.980146051129066,-0.985412926098989,0.72663920330951,0.049953090065269
0.04,0.960582754559151,-0.970935107938207,0.721126183242208,0.0984018224217428
0.06,0.941307905269608,-0.956568517371388,0.71551736773848,0.145383804666865
0.08,0.922319259916453,-0.94231501538697,0.70981822346884,0.19093599253723
0.1,0.903614539019174,-0.928176355151254,0.704034066486905,0.235094690095143
0.12,0.885191429087257,-0.914154184990279,0.698170065267638,0.277895550444566
0.14,0.867047584687671,-0.900250051311395,0.692231243700168,0.319373576955586
0.16,0.849180630454526,-0.886465401465424,0.686222484035544,0.359563124976773
0.18,0.831588163042069,-0.872801586550319,0.680148529789822,0.398497904014946
0.2,0.814267753022185,-0.859259864157204,0.674013988602837,0.436210980361943
0.22,0.797216946727548,-0.845841401059672,0.66782333505306,0.472734780148232
0.24,0.780433268041541,-0.83254727584723,0.661580913428936,0.508101092803398
0.26,0.76391422013607,-0.819378481503749,0.655290940457072,0.542341074903806
0.28,0.747657287158335,-0.806335927931768,0.648957507987697,0.575485254387991
0.3,0.731659935867666,-0.793420444423527,0.642584585637774,0.607563535120696
0.32,0.71591961722345,-0.780632782079546,0.63617602339218,0.638605201786735
0.34,0.700433767925215,-0.767973616175605,0.629735554163345,0.668638925096273
0.36,0.685199811905879,-0.755443548478938,0.623266796309776,0.697692767283456
0.38,0.670215161779171,-0.743043109514465,0.616773256113861,0.725794187880707
0.4,0.655477220242231,-0.730772760781876,0.610258330219368,0.752970049751427
0.42,0.640983381434344,-0.718632896924356,0.603725308029061,0.779246625364231
0.44,0.62673103225278,-0.706623847849761,0.597177374062839,0.804649603292284
0.46,0.612717553626681,-0.694745880805023,0.590617610276822,0.829204094921731
0.48,0.598940321749918,-0.682999202404549,0.584048998343792,0.85293464135365
0.5,0.585396709273835,-0.67138396061341,0.577474421895425,0.87586522048441
0.52,0.572084086460776,-0.659900246686052,0.570896668726715,0.898019254249738
0.54,0.558999822299273,-0.648548097061299,0.564318432963021,0.9194196160183
0.56,0.546141285581771,-0.637327495214382,0.557742317190162,0.940088638120982
0.58,0.533505845945729,-0.626238373466735,0.551170834547963,0.960048119502571
0.6,0.521090874878944,-0.615280614754281,0.544606410787696,0.979319333482964
0.62,0.508893746689921,-0.604454054354923,0.538051386293817,0.997923035615455
0.64,0.496911839444095,-0.593758481575963,0.531508018070434,1.01587947163016
0.66,0.485142535866691,-0.583193641402131,0.524978481692916,1.03320838545099
0.68,0.473583224213023,-0.572759236104931,0.518464873225068,1.04992902727516
0.7,0.462231299106984,-0.562454926813988,0.51196921110229,1.0660601617045
0.72,0.451084162348475,-0.55228033505106,0.505493437981135,1.0816200759183
0.74,0.440139223690536,-0.542235044227398,0.499039422555688,1.09662658787807
0.76,0.429393901586876,-0.532318601105109,0.492608961341175,1.11109705455455
0.78,0.418845623910545,-0.522530517223159,0.486203780425224,1.12504838016823
0.8,0.408491828644417,-0.512870270288687,0.479825537187184,1.13849702443463
0.82,0.398329964544208,-0.503337305534235,0.473475821985918,1.15145901080625
0.84,0.388357491774668,-0.493931037041542,0.467156159816479,1.16394993470339
0.86,0.378571882519634,-0.484650849032507,0.460868011936073,1.17598497172631
0.88,0.368970621566588,-0.475496097127944,0.454612777459727,1.18757888584186
0.9,0.359551206866357,-0.466466109574713,0.44839179492605,1.19874603753769
0.92,0.350311150068573,-0.457560188441843,0.4422063438335,1.20950039193791
0.94,0.341247977033529,-0.448777610786206,0.436057646147562,1.21985552687404
0.96,0.332359228321013,-0.440117629788356,0.429946867779219,1.22982464090569
0.98,0.323642459656718,-0.431579475859058,0.423875120035127,1.23942056128558
1,0.315095242376815,-0.423162357717117,0.417843461039878,1.24865575186394
1.02,0.306715163851248,-0.414865463439018,0.41185289713075,1.25754232092759
1.04,0.298499827886315,-0.406687961480956,0.405904384225325,1.26609202896918
1.06,0.29044685510708,-0.398629001673774,0.399998829162366,1.27431629638268
1.08,0.282553883320152,-0.390687716191354,0.394137091016333,1.28222621108101
1.1,0.274818567857356,-0.38286322049297,0.388319982385924,1.2898325360325
1.12,0.267238581900817,-0.375154614240135,0.382548270657009,1.29714571671277
1.14,0.259811616789957,-0.367560982188439,0.376822679240348,1.30417588846886
1.16,0.252535382310894,-0.360081395054878,0.371143888784445,1.31093288379307
1.18,0.245407606968746,-0.352714910361179,0.365512538363927,1.31742623950367
1.2,0.2384260382433,-0.345460573253592,0.359929226643801,1.32366520383028
1.22,0.231588442828511,-0.33831741729964,0.354394513019957,1.32965874340181
1.24,0.224892606856303,-0.331284465262291,0.348908918736281,1.33541555013495
1.26,0.218336336105101,-0.324360729852018,0.343472927978726,1.34094404802153
1.28,0.211917456193539,-0.317545214457208,0.338086988946709,1.34625239981327
1.3,0.205633812759779,-0.310836913853364,0.332751514902167,1.35134851360256
1.32,0.199483271626845,-0.304234814891549,0.327466885196639,1.35624004929806
1.34,0.193463718954403,-0.297737897166501,0.322233446276704,1.36093442499424
1.36,0.187573061377367,-0.291345133664859,0.317051512668124,1.36543882323389
1.38,0.181809226131745,-0.28505549139391,0.311921367939029,1.3697601971631
1.4,0.176170161168094,-0.278867931991283,0.306843265642479,1.37390527657803
1.42,0.170653835252977,-0.272781412315994,0.301817430238729,1.37788057386321
1.44,0.165258238058773,-0.266794885021248,0.296844057997535,1.38169238982099
1.46,0.159981380242216,-0.260907299109387,0.29192331788082,1.38534681939223
1.48,0.154821293512009,-0.255117600469381,0.287055352406024,1.38884975726798
1.5,0.149776030685858,-0.249424732397246,0.282240278490451,1.39220690339245
1.52,0.144843665737266,-0.243827636099756,0.277478188276936,1.39542376835748
1.54,0.140022293832419,-0.238325251181833,0.272769149941138,1.39850567868872
1.56,0.135310031357483,-0.232916516117962,0.268113208480772,1.40145778202407
1.58,0.130705015936623,-0.227600368708013,0.263510386487073,1.40428505218486
1.6,0.126205406441073,-0.222375746517795,0.258960684898814,1.4069922941404
1.62,0.121809382989531,-0.217241587304715,0.254464083739154,1.40958414886647
1.64,0.117515146940192,-0.212196829428857,0.250020542835623,1.4120650980987
1.66,0.113320920874705,-0.207240412249835,0.245630002523537,1.41443946898153
1.68,0.109224948574329,-0.202371276509742,0.241292384333121,1.41671143861372
1.7,0.105225494988565,-0.197588364702507,0.237007591660633,1.41888503849133
1.72,0.101320846196542,-0.192890621430004,0.232775510423766,1.42096415884923
1.74,0.0975093093613988,-0.188276993745189,0.228596009701603,1.42295255290222
1.76,0.0937892126779418,-0.183746431482606,0.224468942359412,1.4248538409868
1.78,0.0901589053138082,-0.179297887576535,0.22039414565853,1.4266715146049
1.8,0.0866167573443919,-0.174930318367099,0.216371441851629,1.42840894037065
1.82,0.0831611596817634,-0.170642683894598,0.212400638763602,1.4300693638615
1.84,0.0797905239978185,-0.166433948182379,0.208481530358354,1.43165591337504
1.86,0.0765032826418829,-0.162303079508502,0.20461389729174,1.43317160359261
1.88,0.0732978885529919,-0.158249050666484,0.200797507450906,1.43461933915139
1.9,0.0701728151670632,-0.154270839215391,0.19703211648029,1.436001918126
1.92,0.0671265563191715,-0.150367427719544,0.193317468294526,1.43732203542124
1.94,0.0641576261411311,-0.146537803978091,0.189653295578498,1.43858228607722
1.96,0.0612645589545863,-0.142780961244708,0.186039320274776,1.43978516848847
1.98,0.058445909159804,-0.139095898437671,0.182475254058688,1.4409330875383
2,0.0557002511203595,-0.135481620340557,0.178960798801249,1.44202835765001
2.02,0.0530261790438994,-0.131937137793798,0.17549564702018,1.44307320575631
2.04,0.0504223068591643,-0.12846146787733,0.172079482319255,1.44406977418849
2.06,0.0478872680894436,-0.125053634084582,0.168711979816185,1.44502012348681
2.08,0.045419715722637,-0.121712666488005,0.16539280655928,1.44592623513352
2.1,0.0430183220780872,-0.118437601896391,0.162121621933083,1.44679001421011
2.12,0.0406817786703471,-0.115227484004177,0.158898078053222,1.44761329198016
2.14,0.0384087960700383,-0.112081363532967,0.155721820150663,1.44839782839935
2.16,0.0361981037619566,-0.108998298365468,0.15259248694559,1.4491453145541
2.18,0.0340484500005719,-0.105977353672052,0.149509711011123,1.44985737503019
2.2,0.031958601663069,-0.103017602030143,0.146473119127054,1.45053557021306
2.22,0.0299273441000715,-0.100118123536627,0.14348233262383,1.45118139852104
2.24,0.0279534809841847,-0.0972780059134829,0.140536967716958,1.45179629857302
2.26,0.0260358341564929,-0.0944963446068087,0.137636635832042,1.45238165129206
2.28,0.02417324347114,-0.091772242879452,0.134780943920627,1.45293878194633
2.3,0.0223645666381203,-0.089104811897405,0.131969494767058,1.45346896212872
2.32,0.0206086790644026,-0.0864931708101541,0.129201887286522,1.45397341167669
2.34,0.0189044736935052,-0.0839364468251546,0.12647771681447,1.45445330053357
2.36,0.0172508608436402,-0.0814337752766018,0.123796575387585,1.45490975055283
2.38,0.0156467680445367,-0.0789842996886658,0.121158052016483,1.45534383724659
2.4,0.0140911398730541,-0.076587171833353,0.118561732950326,1.45575659147975
2.42,0.0125829377876904,-0.074241551783156,0.116007201933496,1.45614900111108
2.44,0.011121139962088,-0.0719466079586465,0.113494040454531,1.45652201258254
2.46,0.00970474111763745,-0.0697015171711666,0.111021827987462,1.45687653245813
2.48,0.00833275235527467,-0.0675054646607673,0.108590142225724,1.4572134289136
2.5,0.0070042009865659,-0.0653576441295424,0.106198559308811,1.45753353317822
2.52,0.00571813036417085,-0.0632572577704995,0.103846654041819,1.45783764092984
2.54,0.00447359971177183,-0.0612035162921114,0.101534000108038,1.4581265136445
2.56,0.00326968395355391,-0.0591956389386822,0.0992601702747499,1.45840087990173
2.58,0.00210547354331846,-0.0572328535066656,0.0970247365923765,1.45866143664684
2.6,0.000980074293309755,-0.0553143963570646,0.0948272705871325,1.45890885041114
2.62,-0.000107392797168317,-0.0534395124240424,0.0926673434473215,1.45914375849147
2.64,-0.00115779171327096,-0.0516074552198693,0.0905445262034237,1.45936677008998
2.66,-0.00217197159619445,-0.0498174868363293,0.0884583899021138,1.45957846741537
2.68,-0.00315076691475188,-0.0480688779427049,0.0864085057743471,1.45977940674656
2.7,-0.00409499763687539,-0.0463609077804601,0.0843944453976508,1.45997011945991
2.72,-0.00500546940097986,-0.0446928641547324,0.0824157808527534,1.46015111302112
2.74,-0.00588297368712567,-0.043064043422749,0.0804720848746824,1.46032287194253
2.76,-0.00672828798791976,-0.0414737504792752,0.0785629309984615,1.46048585870717
2.78,-0.00754217597909703,-0.0399212987392011,0.0766878936995317,1.46064051466029
2.8,-0.00832538768972556,-0.0384060101173725,0.0748465485290221,1.4607872608694
2.82,-0.00907865967198184,-0.0369272150057663,0.0730384722439918,1.46092649895376
2.84,-0.00980271517044383,-0.0354842522481102,0.0712632429327637,1.46105861188422
2.86,-0.0104982642908515,-0.0340764691120446,0.0695204401354671,1.4611839647543
2.88,-0.0111660041682871,-0.0327032212589198,0.0678096449599056,1.46130290552336
2.9,-0.0118066191347281,-0.0313638727113219,0.0661304401928633,1.46141576573278
2.92,-0.012420780885929,-0.0300577958184174,0.0644824104069619,1.46152286119589
2.94,-0.0130091486475891,-0.0287843712192042,0.0628651420631766,1.46162449266251
2.96,-0.0135723693407643,-0.0275429878037546,0.0612782236091197,1.46172094645892
2.98,-0.0141110777464856,-0.0263330426725343,0.0597212455731969,1.46181249510396
3,-0.0146258966695442,-0.0251539410938786,0.058193800654739,1.46189939790212
3.02,-0.0151174371014089,-0.0240050964597052,0.0566954838102125,1.46198190151419
3.04,-0.0155862983822413,-0.0228859302395414,0.0552258923356063,1.4620602405064
3.06,-0.0160330683619741,-0.0217958719329411,0.0537846259450948,1.46213463787856
3.08,-0.0164583235604234,-0.0207343590203644,0.0523712868460708,1.46220530557201
3.1,-0.0168626293264032,-0.0197008369125927,0.0509854798106444,1.46227244495794
3.12,-0.0172465399958143,-0.0186947588987482,0.0496268122436988,1.46233624730688
3.14,-0.0176105990486802,-0.0177155860929857,0.0482948942475941,1.46239689423973
3.16,-0.017955339265104,-0.0167627873799231,0.0469893386836073,1.4624545581613
3.18,-0.0182812828801221,-0.0158358393588759,0.0457097612301961,1.46250940267657
3.2,-0.018588941737431,-0.014934226286956,0.0444557804381714,1.46256158299058
3.22,-0.018878817441965,-0.0140574400210985,0.0432270177828616,1.46261124629226
3.24,-0.0191514015113047,-0.0132049799590741,0.0420230977133516,1.46265853212298
3.26,-0.0194071755258957,-0.0123763529795451,0.0408436476988761,1.46270357273013
3.28,-0.0196466112780593,-0.0115710733812221,0.0396882982724455,1.46274649340638
3.3,-0.0198701709197784,-0.010788662821174,0.0385566830717829,1.4627874128151
3.32,-0.0200783071092404,-0.010028650252347,0.0374484388776456,1.46282644330245
3.34,-0.0202714631561246,-0.00929057186034138,0.0363632056496073,1.46286369119653
3.36,-0.0204500731656164,-0.00857397099949811,0.0353006265593709,1.46289925709413
3.38,-0.0206145621811382,-0.00787839812834328,0.0342603480216859,1.4629332361355
3.4,-0.0207653463257822,-0.00720341074443736,0.0332420197229368,1.46296571826757
3.42,-0.020902832942435,-0.00654857331867553,0.0322452946474725,1.46299678849608
3.44,-0.0210274207325835,-0.00591345722908341,0.0312698291017429,1.46302652712691
3.46,-0.0211394998937909,-0.00529764069415147,0.0303152827363071,1.4630550099972
3.48,-0.0212394522558362,-0.00470070870575002,0.029381318565778,1.46308230869639
3.5,-0.0213276514155078,-0.0041222529616654,0.028467602986765,1.46310849077783
3.52,-0.0214044628700442,-0.00356187179779688,0.0275738057938765,1.46313361996109
3.54,-0.0214702441492157,-0.00301917012005234,0.0266996001938415,1.4631577563254
3.56,-0.0215253449460412,-0.0024937593359799,0.0258446628178089,1.46318095649466
3.58,-0.0215701072461357,-0.00198525728617127,0.0250086737318819,1.46320327381413
3.6,-0.0216048654556831,-0.00149328817547162,0.024191316445943,1.46322475851931
3.62,-0.0216299465280326,-0.00101748250402956,0.0233922779208254,1.46324545789718
3.64,-0.0216456700889136,-0.000557476998219818,0.0226112485738825,1.46326541644027
3.66,-0.0216523485602689,-0.000112914541470067,0.0218479222830096,1.46328467599356
3.68,-0.0216502872827036,0.000316555894977596,0.0211019963891681,1.46330327589481
3.7,-0.0216397846365483,0.00073127932134112,0.0203731716974621,1.46332125310834
3.72,-0.0216211321615374,0.00113159479858042,0.0196611524768165,1.46333864235264
3.74,-0.0215946146751015,0.00151783550765927,0.0189656464583046,1.46335547622204
3.76,-0.021560510389275,0.00189032881876065,0.0182863648321709,1.46337178530266
3.78,-0.0215190910262201,0.0022493963604299,0.0176230222435959,1.46338759828283
3.8,-0.021470621932369,0.00259535408862088,0.016975336787247,1.46340294205837
3.82,-0.0214153621911865,0.00292851235562146,0.0163430300006579,1.46341784183273
3.84,-0.0213535647345547,0.00324917597883518,0.0157258268564807,1.46343232121231
3.86,-0.0212854764527846,0.00355764430939711,0.0151234557536514,1.46344640229722
3.88,-0.0212113383032568,0.00385421130060234,0.0145356485075083,1.46346010576753
3.9,-0.0211313854176957,0.00413916557612686,0.0139621403389048,1.4634734509653
3.92,-0.0210458472080817,0.00441279049802087,0.0134026698623532,1.46348645597256
3.94,-0.0209549474712054,0.00467536423445561,0.0128569790732387,1.46349913768538
3.96,-0.0208589044918704,0.00492715982720546,0.0123248133341391,1.46351151188417
3.98,-0.0207579311447485,0.00516844525884784,0.0118059213602863,1.46352359330051
4,-0.0206522349948941,0.005399483519664,0.0113000552042059,1.46353539568051
4.02,-0.0205420183969237,0.00562053267422471,0.0108069702395663,1.46354693184486
4.04,-0.0204274785928674,0.00583184592764525,0.0103264251442729,1.4635582137459
4.06,-0.0203088078086977,0.00603367169149505,0.00985818188283894,1.46356925252158
4.08,-0.0201861933495448,0.00622625364934778,0.00940200568806392,1.46358005854663
4.1,-0.0200598176936036,0.00640983082195829,0.00895766504205154,1.46359064148101
4.12,-0.0199298585847424,0.00658463763205365,0.00852493165659605,1.46360101031578
4.14,-0.0197964891238177,0.00675090396872569,0.00810358045296705,1.46361117341647
4.16,-0.0196598778587074,0.00690885525141367,0.00769338954112049,1.46362113856407
4.18,-0.019520188873067,0.00705871249346542,0.00729414019836422,1.46363091299382
4.2,-0.0193775818738193,0.00720069236526682,0.00690561684750439,1.46364050343184
4.22,-0.0192322122773865,0.00733500725692898,0.00652760703449964,1.46364991612965
4.24,-0.0190842312946723,0.00746186534052401,0.00615990140564797,1.46365915689681
4.26,-0.018933786014804,0.00758147063185992,0.00580229368433177,1.46366823113168
4.28,-0.0187810194876441,0.00769402305178627,0.00545458064734465,1.46367714385041
4.3,-0.0186260708050807,0.00779971848702237,0.00511656210082417,1.46368589971425
4.32,-0.0184690751811052,0.00789874885050037,0.00478804085581274,1.46369450305522
4.34,-0.0183101640306892,0.00799130214121599,0.00446882270346958,1.46370295790033
4.36,-0.0181494650474687,0.00807756250358031,0.0041587163899548,1.46371126799431
4.38,-0.0179871022802466,0.00815771028626598,0.00385753359100713,1.46371943682093
4.4,-0.0178231962083231,0.00823192210054222,0.00356508888623529,1.46372746762309
4.42,-0.0176578638156648,0.00830037087809287,0.00328119973314327,1.46373536342159
4.44,-0.0174912186639226,0.00836322592831249,0.00300568644090836,1.4637431270328
4.46,-0.0173233709643088,0.00842065299507567,0.00273837214393112,1.46375076108516
4.48,-0.0171544276483445,0.00847281431297526,0.00247908277517495,1.4637582680346
4.5,-0.016984492437487,0.00851986866302536,0.00222764703931347,1.46376565017904
4.52,-0.0168136659116488,0.00856197142782556,0.0019838963857022,1.46377290967186
4.54,-0.0166420455766192,0.00859927464618295,0.00174766498119173,1.46378004853451
4.56,-0.016469725930398,0.00863192706718895,0.00151878968279803,1.46378706866823
4.58,-0.0162967985284539,0.00866007420374822,0.00129711001024567,1.46379397186505
4.6,-0.0161233520479173,0.00868385838555736,0.00108246811839922,1.46380075981788
4.62,-0.0159494723507196,0.0087034188115312,0.000874708769597114,1.46380743413005
4.64,-0.0157752425456888,0.00871889160167486,0.000673679305902624,1.46381399632404
4.66,-0.0156007430496139,0.00873040984840024,0.000479229621285212,1.46382044784964
4.68,-0.015426051647288,0.00873810366728542,0.000291212133745993,1.46382679009147
4.7,-0.0152512435505424,0.00874210024727621,0.000109481757399814,1.46383302437592
4.72,-0.0150763914562815,0.00874252390032896,-6.6104125473287e-05,1.46383915197763
4.74,-0.0149015656035309,0.00873949611049423,-0.000235685692395503,1.46384517412535
4.76,-0.0147268338295095,0.00873313558244098,-0.000399400708665672,1.46385109200742
4.78,-0.0145522616247366,0.00872355828942134,-0.000557384555329658,1.46385690677673
4.8,-0.0143779121871848,0.00871087752067609,-0.000709770257135616,1.46386261955533
4.82,-0.0142038464754914,0.00869520392828121,-0.000856688510463943,1.46386823143859
4.84,-0.0140301232612376,0.0086766455734363,-0.000998267711221476,1.46387374349903
4.86,-0.0138567991803077,0.00865530797219542,-0.00113463398269052,1.46387915678974
4.88,-0.0136839287833396,0.00863129414064156,-0.00126591120332299,1.46388447234758
4.9,-0.0135115645852768,0.00860470463950585,-0.00139222103447085,1.46388969119598
4.92,-0.0133397571140341,0.00857563761823281,-0.00151368294804394,1.46389481434748
4.94,-0.0131685549582873,0.00854418885849331,-0.00163041425408693,1.46389984280608
4.96,-0.0129980048143979,0.00851045181714686,-0.00174253012826723,1.46390477756921
4.98,-0.0128281515324845,0.00847451766865501,-0.00185014363926602,1.46390961962959
5,-0.0126590381616511,0.00843647534694809,-0.00195336577606518,1.46391436997682
5.02,-0.0124907059943835,0.00839641158674724,-0.00205230547512258,1.46391902959877
5.04,-0.0123231946101251,0.00835441096434407,-0.00214706964742917,1.46392359948283
5.06,-0.0121565419180419,0.00831055593784053,-0.00223776320544103,1.46392808061691
5.08,-0.0119907841989883,0.00826492688685133,-0.00232448908988023,1.46393247399036
5.1,-0.0118259561466845,0.00821760215167178,-0.00240734829639825,1.46393678059471
5.12,-0.0116620909081158,0.00816865807191372,-0.00248643990209632,1.4639410014243
5.14,-0.0114992201231638,0.00811816902461258,-0.00256186109189698,1.46394513747673
5.16,-0.0113373739634818,0.00806620746180854,-0.00263370718476176,1.46394918975326
5.18,-0.0111765811706227,0.00801284394760484,-0.00270207165974958,1.46395315925906
5.2,-0.0110168690934321,0.00795814719470666,-0.0027670461819115,1.46395704700342
5.22,-0.0108582637247147,0.0079021841004437,-0.00282872062801672,1.46396085399983
5.24,-0.0107007897371859,0.00784501978228002,-0.00288718311210592,1.46396458126595
5.26,-0.0105444705187187,0.0077867176128145,-0.00294252001086737,1.46396822982362
5.28,-0.0103893282068947,0.0077273392542757,-0.00299481598883221,1.4639718006987
5.3,-0.0102353837228708,0.00766694469251455,-0.00304415402338492,1.46397529492089
5.32,-0.0100826568045714,0.00760559227049872,-0.00309061542958552,1.4639787135235
5.34,-0.00993116603921477,0.00754333872131253,-0.00313427988480015,1.4639820575432
5.36,-0.00978092889518519,0.00748023920066611,-0.0031752254531369,1.46398532801967
5.38,-0.00963196175325907,0.00741634731891788,-0.00321352860968389,1.46398852599527
5.4,-0.00948427993719601,0.00735171517261417,-0.00324926426454672,1.46399165251467
5.42,-0.00933789774370354,0.00728639337555029,-0.00328250578668284,1.4639947086244
5.44,-0.00919282847178552,0.00722043108935676,-0.00331332502753027,1.46399769537248
5.46,-0.0090490844514835,0.00715387605361521,-0.00334179234442836,1.46400061380793
5.48,-0.00890667707202041,0.00708677461550786,-0.00336797662382858,1.46400346498031
5.5,-0.00876561680935594,0.00701917175900494,-0.00339194530429322,1.46400624993927
5.52,-0.00862591325316268,0.0069511111335943,-0.00341376439928035,1.46400896973406
5.54,-0.00848757513323226,0.00688263508255738,-0.00343349851971314,1.46401162541304
5.56,-0.00835061034532054,0.00681378467079608,-0.00345121089633224,1.46401421802315
5.58,-0.00821502597644054,0.00674459971221465,-0.00346696340182966,1.46401674860949
5.6,-0.00808082832961232,0.00667511879666122,-0.00348081657276295,1.46401921821477
5.62,-0.00794802294807827,0.00660537931643312,-0.00349282963124849,1.46402162787884
5.64,-0.00781661463899273,0.00653541749235068,-0.00350306050643305,1.4640239786382
5.66,-0.00768660749659431,0.0064652683994037,-0.00351156585574243,1.46402627152554
5.68,-0.00755800492486961,0.00639496599197531,-0.00351840108590674,1.46402850756924
5.7,-0.00743080965971654,0.00632454312864742,-0.00352362037376144,1.4640306877929
5.72,-0.0073050237906158,0.00625403159659258,-0.00352727668682367,1.46403281321493
5.74,-0.00718064878181853,0.00618346213555635,-0.00352942180364345,1.46403488484808
5.76,-0.00705768549305841,0.00611286446143508,-0.00353010633392933,1.46403690369899
5.78,-0.00693613419979622,0.00604226728945334,-0.00352937973844847,1.46403887076782
5.8,-0.00681599461300479,0.00597169835694563,-0.00352729034870065,1.4640407870478
5.82,-0.00669726589850223,0.00590118444574687,-0.00352388538636656,1.46404265352485
5.84,-0.00657994669584129,0.00583075140419618,-0.0035192109825301,1.46404447117723
5.86,-0.00646403513676238,0.00576042416875849,-0.00351331219667507,1.46404624097513
5.88,-0.00634952886321802,0.00569022678526843,-0.00350623303545625,1.46404796388038
5.9,-0.0062364250449761,0.00562018242980108,-0.00349801647124531,1.46404964084605
5.92,-0.00612472039680946,0.00555031342917408,-0.00348870446045193,1.46405127281621
5.94,-0.00601441119527903,0.00548064128108548,-0.00347833796162044,1.46405286072555
5.96,-0.00590549329511788,0.00541118667389199,-0.00346695695330273,1.46405440549917
5.98,-0.00579796214522317,0.00534196950603191,-0.00345460045170776,1.46405590805225
6,-0.00569181280426329,0.00527300890509741,-0.0034413065281286,1.46405736928983
6.02,-0.00558703995590691,0.00520432324656039,-0.00342711232614755,1.46405879010658
6.04,-0.00548363792368095,0.00513593017215649,-0.00341205407862011,1.46406017138652
6.06,-0.00538160068546435,0.00506784660793163,-0.00339616712443887,1.4640615140029
6.08,-0.00528092188762412,0.00500008878195545,-0.00337948592507795,1.46406281881793
6.1,-0.00518159485880051,0.00493267224170606,-0.00336204408091911,1.46406408668265
6.12,-0.00508361262334766,0.00486561187113044,-0.00334387434736059,1.46406531843676
6.14,-0.00498696791443634,0.00479892190738483,-0.00332500865070958,1.46406651490846
6.16,-0.00489165318682496,0.0047326159572594,-0.00330547810385958,1.46406767691433
6.18,-0.00479766062930526,0.00466670701329155,-0.00328531302175376,1.46406880525918
6.2,-0.00470498217682877,0.00460120746957207,-0.00326454293663553,1.46406990073601
6.22,-0.00461360952232025,0.00453612913724837,-0.00324319661308755,1.46407096412585
6.24,-0.00452353412818396,0.00447148325972905,-0.00322130206286051,1.46407199619772
6.26,-0.00443474723750892,0.00440728052759404,-0.00319888655949297,1.46407299770856
6.28,-0.00434723988497875,0.00434353109321432,-0.0031759766527237,1.46407396940316
6.3,-0.00426100290749205,0.00428024458508556,-0.00315259818269776,1.46407491201412
6.32,-0.00417602695449894,0.00421743012187959,-0.00312877629396797,1.46407582626184
6.34,-0.00409230249805934,0.00415509632621799,-0.00310453544929305,1.4640767128545
6.36,-0.0040098198426285,0.00409325133817159,-0.00307989944323404,1.464077572488
6.38,-0.0039285691345753,0.00403190282849021,-0.00305489141555046,1.46407840584604
6.4,-0.00384854037143858,0.00397105801156634,-0.00302953386439781,1.46407921360008
6.42,-0.00376972341092686,0.0039107236581369,-0.00300384865932793,1.46407999640937
6.44,-0.00369210797966653,0.00385090610772694,-0.0029778570540939,1.46408075492098
6.46,-0.00361568368170384,0.00379161128083919,-0.002951579699261,1.46408148976987
6.48,-0.00354044000676549,0.00373284469089329,-0.00292503665462549,1.46408220157889
6.5,-0.00346636633828298,0.0036746114559186,-0.00289824740144273,1.46408289095885
6.52,-0.00339345196118552,0.00361691631000428,-0.0028712308544665,1.46408355850864
6.54,-0.00332168606946629,0.00355976361451054,-0.00284400537380105,1.46408420481519
6.56,-0.00325105777352691,0.00350315736904458,-0.00281658877656768,1.46408483045367
6.58,-0.00318155610730466,0.00344710122220521,-0.00278899834838759,1.46408543598747
6.6,-0.0031131700351871,0.00339159848209945,-0.00276125085468269,1.46408602196837
6.62,-0.00304588845871861,0.00333665212663508,-0.00273336255179616,1.4640865889366
6.64,-0.00297970022310328,0.00328226481359247,-0.00270534919793453,1.46408713742093
6.66,-0.00291459412350857,0.00322843889047935,-0.00267722606393301,1.4640876679388
6.68,-0.00285055891117402,0.00317517640417208,-0.00264900794384594,1.46408818099645
6.7,-0.00278758329932915,0.00312247911034679,-0.00262070916536401,1.46408867708898
6.72,-0.00272565596892494,0.00307034848270388,-0.00259234360006025,1.46408915670052
6.74,-0.00266476557418278,0.00301878572198939,-0.0025639246734664,1.46408962030436
6.76,-0.00260490074796498,0.00296779176481641,-0.00253546537498161,1.46409006836303
6.78,-0.00254605010697091,0.00291736729229005,-0.00250697826761516,1.46409050132848
6.8,-0.00248820225676247,0.00286751273843917,-0.00247847549756519,1.46409091964219
6.82,-0.00243134579662292,0.00281822829845817,-0.00244996880363506,1.46409132373532
6.84,-0.00237546932425271,0.00276951393676208,-0.00242146952648937,1.46409171402884
6.86,-0.002320561440306,0.00272136939485808,-0.00239298861775121,1.4640920909337
6.88,-0.00226661075277168,0.00267379419903665,-0.00236453664894279,1.46409245485094
6.9,-0.00221360588120221,0.00262678766788553,-0.00233612382027094,1.46409280617185
6.92,-0.00216153546079403,0.00258034891962937,-0.00230775996925955,1.46409314527815
6.94,-0.00211038814632283,0.0025344768792984,-0.00227945457923067,1.46409347254207
6.96,-0.00206015261593716,0.00248917028572887,-0.00225121678763604,1.46409378832657
6.98,-0.00201081757481371,0.00244442769839838,-0.00222305539424098,1.46409409298548
7,-0.00196237175867743,0.00240024750409896,-0.00219497886916241,1.46409438686361
7.02,-0.0019148039371899,0.00235662792345091,-0.00216699536076267,1.46409467029695
7.04,-0.00186810291720888,0.00231356701726011,-0.00213911270340127,1.4640949436128
7.06,-0.00182225754592235,0.00227106269272173,-0.00211133842504592,1.46409520712996
7.08,-0.00177725671385993,0.00222911270947311,-0.00208367975474507,1.46409546115882
7.1,-0.00173308935778474,0.0021877146854986,-0.00205614362996346,1.46409570600159
7.12,-0.00168974446346861,0.00214686610288895,-0.00202873670378249,1.46409594195237
7.14,-0.00164721106835359,0.00210656431345811,-0.00200146535196736,1.46409616929741
7.16,-0.00160547826410245,0.00206680654422001,-0.00197433567990251,1.46409638831516
7.18,-0.00156453519904109,0.00202758990272786,-0.00194735352939725,1.46409659927649
7.2,-0.00152437108049546,0.00198891138227868,-0.00192052448536331,1.46409680244482
7.22,-0.00148497517702574,0.00195076786698555,-0.00189385388236604,1.46409699807626
7.24,-0.00144633682056043,0.00191315613672002,-0.00186734681105089,1.4640971864198
7.26,-0.00140844540843274,0.00187607287192734,-0.00184100812444712,1.4640973677174
7.28,-0.00137129040532208,0.00183951465831668,-0.00181484244415016,1.4640975422042
7.3,-0.00133486134510287,0.00180347799142903,-0.00178885416638453,1.46409771010863
7.32,-0.00129914783260321,0.00176795928108497,-0.00176304746794894,1.46409787165256
7.34,-0.00126413954527583,0.00173295485571467,-0.00173742631204521,1.46409802705146
7.36,-0.00122982623478353,0.00169846096657253,-0.00171199445399268,1.46409817651452
7.38,-0.00119619772850153,0.00166447379183863,-0.00168675544682985,1.46409832024483
7.4,-0.0011632439309388,0.00163098944060922,-0.00166171264680475,1.46409845843947
7.42,-0.00113095482508085,0.00159800395677857,-0.00163686921875578,1.46409859128969
7.44,-0.00109932047365572,0.00156551332281425,-0.00161222814138459,1.46409871898103
7.46,-0.00106833102032572,0.00153351346342804,-0.0015877922124226,1.46409884169345
7.48,-0.00103797669080664,0.00150200024914448,-0.00156356405369275,1.46409895960147
7.5,-0.0010082477939167,0.00147096949976938,-0.00153954611606809,1.4640990728743
7.52,-0.000979134722556973,0.00144041698776001,-0.00151574068432872,1.46409918167598
7.54,-0.000950627954625552,0.00141033844149922,-0.00149214988191865,1.46409928616549
7.56,-0.000922718053867023,0.00138072954847549,-0.0014687756756042,1.46409938649689
7.58,-0.000895395670659339,0.00135158595837061,-0.00144561988003527,1.46409948281944
7.6,-0.000868651542739834,0.00132290328605727,-0.00142268416221122,1.46409957527771
7.62,-0.00084247649587216,0.00129467711450817,-0.00139997004585269,1.46409966401172
7.64,-0.000816861444455925,0.00126690299761863,-0.00137747891568089,1.46409974915704
7.66,-0.000791797392080716,0.00123957646294457,-0.00135521202160584,1.46409983084492
7.68,-0.000767275432026205,0.00121269301435761,-0.00133317048282507,1.4640999092024
7.7,-0.000743286747709953,0.00118624813461902,-0.00131135529183404,1.4640999843524
7.72,-0.000719822613084552,0.00116023728787444,-0.00128976731834993,1.46410005641389
7.74,-0.000696874392985624,0.00113465592207087,-0.00126840731315007,1.46410012550192
7.76,-0.000674433543432273,0.00110949947129782,-0.00124727591182639,1.46410019172777
7.78,-0.000652491611881429,0.00108476335805413,-0.00122637363845739,1.46410025519906
7.8,-0.000631040237437613,0.00106044299544225,-0.00120570090919893,1.46410031601983
7.82,-0.000610071151019507,0.00103653378929137,-0.00118525803579508,1.46410037429065
7.84,-0.000589576175484769,0.00101303114021129,-0.00116504522901065,1.46410043010871
7.86,-0.000569547225714451,0.000989930445578247,-0.00114506260198641,1.46410048356792
7.88,-0.000549976308658365,0.000967227101454537,-0.0011253101735185,1.46410053475902
7.9,-0.000530855523342706,0.000944916504443199,-0.00110578787126333,1.46410058376963
7.92,-0.000512177060841224,0.000922994053479388,-0.00108649553486906,1.4641006306844
7.94,-0.000493933204211177,0.000901455151559821,-0.00106743291903517,1.46410067558503
7.96,-0.00047611632839532,0.000880295207411751,-0.00104859969650125,1.46410071855041
7.98,-0.000458718900091089,0.000859509637102849,-0.00102999546096616,1.46410075965667
8,-0.000441733477588189,0.000839093865593383,-0.00101161972993895,1.46410079897728
